1,batch_tomo_04
2,batch_tomo_05
3,batch_tomo_06
4,batch_tomo_07
5,batch_tomo_08
6,batch_tomo_09
7,batch_tomo_10
9,tomo2_L1G1
10,tomo3_L1G1
11,tomo4_L1G1
12,tomo5_L1G1
14,tomo7_L5G1
15,tomo8_L5G1
16,tomo9_L5G1
17,batch_tomo_01
18,batch_tomo_02
19,batch_tomo_03
21,batch_tomo_01
22,batch_tomo_02
23,batch_tomo_04
24,batch_tomo_05
25,batch_tomo_06
26,batch_tomo_07
27,batch_tomo_08
28,batch_tomo_09
29,batch_tomo_10
30,batch_tomo_11
31,batch_tomo_12
32,batch_tomo_13
33,batch_tomo_14
34,tomo_01
35,tomo_02
36,tomo_03
37,tomo_04
